x_value,total_1,total_2
0,1000,1000
1,1004,1006
2,1002,1010
3,1003,1005
4,1001,1007
5,1000,1005
6,999,1010
7,997,1012
8,992,1010
9,993,1005
10,1001,1010
11,1005,1011
12,1011,1015
13,1018,1020
14,1016,1020
15,1012,1018
16,1014,1017
17,1012,1013
18,1020,1019
19,1028,1025
20,1024,1025
21,1018,1021
22,1015,1022
23,1022,1020
24,1016,1026
25,1015,1031
26,1017,1030
27,1020,1026
28,1015,1030
29,1010,1034
30,1016,1033
31,1022,1035
32,1025,1033
33,1019,1037
34,1017,1033
35,1013,1035
36,1014,1033
37,1014,1032
38,1011,1036
39,1012,1042
40,1015,1048
41,1016,1047
42,1016,1050
43,1022,1048
44,1030,1046
45,1029,1043
46,1032,1047
47,1037,1053
48,1033,1056
49,1030,1058
50,1025,1058
51,1020,1063
52,1021,1059
53,1021,1057
54,1016,1054
55,1023,1051
56,1024,1051
57,1022,1046
58,1028,1047
59,1030,1053
60,1033,1055
61,1033,1054
62,1036,1054
63,1037,1056
64,1033,1060
65,1041,1062
66,1042,1058
67,1041,1054
68,1046,1054
69,1049,1060
70,1053,1056
71,1060,1052
72,1066,1049
73,1060,1049
74,1058,1049
75,1060,1053
76,1064,1058
77,1063,1064
78,1059,1060
79,1053,1065
80,1055,1069
81,1057,1070
82,1064,1066
83,1067,1063
84,1073,1067
85,1072,1064
86,1076,1065
87,1077,1061
88,1080,1058
89,1075,1063
90,1076,1062
91,1071,1063
92,1077,1062
93,1084,1062
94,1083,1062
95,1082,1058
96,1086,1053
97,1093,1057
98,1095,1059
99,1094,1061
100,1089,1061
101,1093,1059
102,1090,1061
103,1089,1060
104,1095,1064
105,1091,1070
106,1091,1066
107,1096,1064
108,1091,1067
109,1090,1070
110,1088,1070
111,1087,1069
112,1085,1074
113,1085,1075
114,1082,1079
115,1086,1083
116,1083,1082
117,1082,1078
118,1089,1080
119,1086,1086
120,1086,1087
121,1085,1091
122,1083,1095
123,1077,1101
124,1075,1096
125,1075,1095
126,1081,1101
127,1083,1101
128,1087,1097
129,1089,1101
130,1086,1102
131,1080,1101
132,1075,1099
133,1077,1095
134,1079,1091
135,1085,1096
136,1084,1101
137,1082,1101
138,1085,1100
139,1082,1102
140,1081,1098
141,1078,1093
142,1079,1095
143,1083,1092
144,1085,1097
145,1092,1093
146,1095,1099
147,1100,1099
148,1100,1095
149,1098,1093
150,1106,1089
151,1113,1087
152,1119,1088
153,1117,1094
154,1121,1095
155,1118,1095
156,1115,1091
157,1114,1087
158,1109,1082
159,1116,1077
160,1124,1077
161,1119,1076
162,1120,1074
163,1117,1080
164,1122,1085
165,1126,1088
166,1123,1088
167,1129,1084
168,1124,1088
169,1127,1091
170,1135,1097
171,1129,1092
172,1129,1087
173,1127,1085
174,1121,1081
175,1122,1085
176,1125,1089
177,1121,1095
178,1129,1101
179,1129,1098
180,1137,1101
181,1134,1107
182,1130,1104
183,1134,1102
184,1135,1108
185,1136,1112
186,1143,1113
187,1151,1111
188,1145,1110
189,1144,1111
190,1149,1112
191,1157,1115
192,1162,1119
193,1156,1119
194,1159,1119
195,1155,1117
196,1155,1115
197,1158,1115
198,1162,1110
199,1160,1110
200,1154,1108
201,1160,1104
202,1161,1104
203,1156,1107
204,1161,1110
205,1155,1109
206,1160,1115
207,1164,1119
208,1172,1114
209,1175,1109
210,1174,1109
211,1174,1115
212,1176,1116
213,1173,1122
214,1170,1120
215,1165,1116
216,1160,1119
217,1161,1119
218,1166,1124
219,1162,1119
220,1169,1124
221,1175,1126
222,1170,1132
223,1175,1132
224,1177,1136
225,1176,1134
226,1174,1130
227,1170,1126
228,1168,1132
229,1162,1133
230,1156,1135
231,1163,1133
232,1158,1136
233,1158,1138
234,1153,1137
235,1155,1141
236,1153,1141
237,1160,1141
238,1167,1145
239,1175,1146
240,1175,1149
241,1182,1148
242,1177,1147
243,1185,1143
244,1188,1142
245,1188,1144
246,1191,1147
247,1190,1146
248,1192,1141
249,1193,1143
250,1198,1141
251,1203,1139
252,1211,1144
253,1213,1150
254,1209,1146
255,1203,1141
256,1204,1136
