"Responder_id, Age"
"1,14"
"2,19"
"3,28"
"4,22"
"5,30"
"6,28"
"7,42"
"8,24"
"9,23"
"11,22"
"12,21"
"13,28"
"14,31"
"15,20"
"16,26"
"17,29"
"19,31"
"20,38"
"22,47"
"23,22"
"24,23"
"25,22"
"26,34"
"27,22"
"29,32"
"30,28"
"32,21"
"33,25"
"34,17"
"35,35"
"36,21"
"37,27"
"38,44"
"39,42"
"40,23"
"42,30"
"43,27"
"44,43"
"45,62"
"46,37"
"47,45"
"48,20"
"49,34"
"50,23"
"51,18"
"52,22"
"53,18"
"54,37"
"55,25"
"56,33"
"57,31"
"58,47"
"59,38"
"60,27"
"61,34"
"62,19"
"63,42"
"64,25"
"65,21"
"67,24"
"68,29"
"69,18"
"70,42"
"71,21"
"72,29"
"73,36"
"74,24"
"75,27"
"76,32"
"77,43"
"78,25"
"79,20"
"80,24"
"81,28"
"83,22"
"84,26"
"85,31"
"86,26"
"87,36"
"88,16"
"90,25"
"91,25"
"92,35"
"93,32"
"94,27"
"95,30"
"96,43"
"97,25"
"98,30"
"99,21"
"100,39"
"101,35"
"102,37"
"104,29"
"106,33"
"107,24"
"108,64"
"109,41"
"110,26"
0,1000,1000
1,996,999
2,995,1002
3,1001,997
4,1008,995
5,1004,993
6,1003,999
7,997,1002
0,1000,1000
1,999,1000
2,1005,998
3,999,1003
4,994,1002
5,996,1007
6,993,1008
7,997,1006
8,1000,1007
9,994,1004
10,1002,1005
11,1004,1005
12,1000,1004
13,1004,1007
14,1005,1003
15,1005,1001
16,1001,1006
17,1002,1005
18,1002,1006
19,1008,1007
20,1016,1003
21,1015,1004
22,1015,1008
23,1017,1007
24,1020,1006
25,1019,1004
26,1025,1001
27,1023,1007
28,1024,1011
29,1026,1006
30,1033,1010
31,1038,1012
32,1040,1017
33,1038,1020
34,1045,1025
35,1052,1024
36,1054,1024
37,1060,1025
38,1058,1027
39,1060,1033
40,1054,1032
41,1055,1031
42,1049,1027
43,1049,1031
44,1055,1033
45,1055,1039
46,1060,1035
47,1055,1035
48,1052,1036
49,1054,1033
50,1059,1029
51,1059,1026
52,1059,1031
53,1053,1027
54,1054,1022
55,1058,1023
56,1053,1018
57,1053,1019
58,1058,1019
59,1063,1018
60,1071,1014
61,1065,1020
62,1072,1025
63,1068,1024
64,1065,1019
65,1069,1015
66,1070,1015
67,1069,1015
68,1072,1014
69,1070,1011
70,1077,1011
71,1080,1015
72,1077,1013
73,1077,1019
74,1077,1024
75,1079,1029
76,1077,1030
77,1083,1029
0,1000,1000
1,996,998
2,1001,1003
3,1002,1000
4,996,1003
5,1003,999
6,997,998
7,1003,1000
8,1008,1001
9,1004,1002
10,998,997
11,1002,992
12,1010,995
13,1013,994
14,1009,993
15,1017,997
16,1018,998
17,1013,1002
18,1017,1007
19,1017,1003
20,1016,1008
21,1021,1010
22,1028,1014
23,1025,1020
24,1022,1019
25,1026,1020
26,1031,1023
27,1028,1022
28,1034,1024
29,1036,1027
30,1030,1026
31,1038,1029
32,1046,1025
33,1044,1022
34,1045,1020
35,1048,1026
36,1042,1030
37,1036,1025
38,1039,1022
39,1040,1020
40,1042,1022
41,1047,1018
42,1049,1019
43,1055,1016
44,1053,1020
45,1053,1026
46,1052,1026
47,1049,1031
48,1052,1026
49,1049,1024
50,1054,1024
51,1057,1020
52,1054,1019
53,1060,1015
54,1061,1019
55,1063,1016
56,1070,1019
57,1069,1014
58,1077,1020
59,1071,1021
60,1068,1026
61,1071,1032
